{
  "vanilla": {
    "path": "exp/exp__gsm/humaneval/vanilla/gamma_6_tag=nav_diag_pilot_v3_bw=2.5MB.json",
    "samples": 5,
    "task_ids": [
      0,
      1,
      2,
      3,
      4
    ],
    "avg_total_time": 24.814494371414185,
    "weighted_time_per_output_token": 0.188273857142748,
    "avg_output_length": 131.8,
    "avg_num_verifications": 18.4,
    "verification_frequency": 0.13960546282245828,
    "mean_verify_spec_len": 8.0,
    "mean_accept_len": 6.163043478260869,
    "mean_rejected_len": 1.8369565217391304,
    "rollback_rate": 0.3695652173913043,
    "acceptance_rate": 0.7703804347826086,
    "draft_length_hist": {
      "8": 92
    },
    "accepted_length_hist": {
      "8": 58,
      "6": 2,
      "7": 6,
      "1": 4,
      "4": 6,
      "3": 2,
      "2": 5,
      "0": 8,
      "5": 1
    },
    "rejected_length_hist": {
      "0": 58,
      "2": 2,
      "1": 6,
      "7": 4,
      "4": 6,
      "5": 2,
      "6": 5,
      "8": 8,
      "3": 1
    }
  },
  "hsl": {
    "path": "exp/exp__gsm/humaneval/hsl/st=0.99_tag=nav_diag_pilot_v3_bw=2.5MB.json",
    "samples": 5,
    "task_ids": [
      0,
      1,
      2,
      3,
      4
    ],
    "avg_total_time": 19.49267735481262,
    "weighted_time_per_output_token": 0.15017470997544394,
    "avg_output_length": 129.8,
    "avg_num_verifications": 33.2,
    "verification_frequency": 0.25577812018489987,
    "mean_verify_spec_len": 3.180722891566265,
    "mean_accept_len": 2.9096385542168677,
    "mean_rejected_len": 0.2710843373493976,
    "rollback_rate": 0.13855421686746988,
    "acceptance_rate": 0.9147727272727273,
    "draft_length_hist": {
      "2": 29,
      "1": 80,
      "8": 2,
      "3": 16,
      "4": 12,
      "11": 1,
      "5": 5,
      "18": 1,
      "7": 3,
      "13": 1,
      "9": 2,
      "15": 2,
      "6": 5,
      "10": 2,
      "20": 1,
      "19": 1,
      "25": 1,
      "12": 1,
      "16": 1
    },
    "accepted_length_hist": {
      "2": 25,
      "1": 70,
      "7": 5,
      "3": 17,
      "4": 12,
      "11": 1,
      "5": 7,
      "18": 1,
      "13": 1,
      "9": 1,
      "15": 2,
      "8": 1,
      "0": 14,
      "6": 3,
      "10": 2,
      "20": 1,
      "19": 1,
      "12": 1,
      "16": 1
    },
    "rejected_length_hist": {
      "0": 143,
      "1": 20,
      "2": 2,
      "21": 1
    }
  },
  "pipesd": {
    "path": "exp/exp__gsm/humaneval/pipesd/st=0.9_mt=0.95_merge=dp_tag=nav_diag_pilot_v3_bw=2.5MB.json",
    "samples": 5,
    "task_ids": [
      0,
      1,
      2,
      3,
      4
    ],
    "avg_total_time": 18.231387424468995,
    "weighted_time_per_output_token": 0.1253878089715887,
    "avg_output_length": 145.4,
    "avg_num_verifications": 25.2,
    "verification_frequency": 0.1733149931224209,
    "mean_verify_spec_len": 4.9603174603174605,
    "mean_accept_len": 4.76984126984127,
    "mean_rejected_len": 0.19047619047619047,
    "rollback_rate": 0.16666666666666666,
    "acceptance_rate": 0.9616,
    "draft_length_hist": {
      "2": 18,
      "4": 22,
      "1": 40,
      "10": 1,
      "3": 14,
      "11": 2,
      "6": 6,
      "13": 2,
      "14": 1,
      "58": 1,
      "8": 4,
      "12": 3,
      "22": 1,
      "7": 3,
      "16": 2,
      "23": 1,
      "18": 1,
      "9": 2,
      "32": 1,
      "19": 1
    },
    "accepted_length_hist": {
      "2": 19,
      "4": 18,
      "1": 30,
      "9": 3,
      "3": 17,
      "11": 2,
      "0": 11,
      "6": 5,
      "13": 2,
      "14": 1,
      "58": 1,
      "8": 4,
      "5": 1,
      "12": 3,
      "22": 1,
      "7": 2,
      "16": 2,
      "23": 1,
      "18": 1,
      "32": 1,
      "19": 1
    },
    "rejected_length_hist": {
      "0": 105,
      "1": 19,
      "3": 1,
      "2": 1
    }
  },
  "edgeLLM": {
    "path": "exp/exp__gsm/humaneval/edgeLLM/edgeLLM_alpha=0.92_mult=0.95_tag=nav_diag_pilot_v3_bw=2.5MB.json",
    "samples": 5,
    "task_ids": [
      0,
      1,
      2,
      3,
      4
    ],
    "avg_total_time": 21.499481105804442,
    "weighted_time_per_output_token": 0.13888553685920182,
    "avg_output_length": 154.8,
    "avg_num_verifications": 29.6,
    "verification_frequency": 0.19121447028423771,
    "mean_verify_spec_len": 4.743243243243243,
    "mean_accept_len": 4.22972972972973,
    "mean_rejected_len": 0.5135135135135135,
    "rollback_rate": 0.17567567567567569,
    "acceptance_rate": 0.8917378917378918,
    "draft_length_hist": {
      "2": 13,
      "4": 11,
      "1": 91,
      "21": 1,
      "8": 3,
      "25": 2,
      "81": 1,
      "5": 3,
      "6": 1,
      "27": 1,
      "16": 3,
      "3": 4,
      "7": 2,
      "13": 4,
      "22": 1,
      "33": 1,
      "23": 1,
      "11": 1,
      "9": 1,
      "32": 1,
      "14": 1,
      "47": 1
    },
    "accepted_length_hist": {
      "2": 14,
      "4": 10,
      "1": 76,
      "9": 1,
      "8": 3,
      "0": 17,
      "25": 2,
      "81": 1,
      "5": 3,
      "27": 1,
      "3": 6,
      "7": 2,
      "13": 3,
      "15": 1,
      "14": 2,
      "33": 1,
      "23": 1,
      "11": 1,
      "32": 1,
      "16": 1,
      "47": 1
    },
    "rejected_length_hist": {
      "0": 122,
      "12": 1,
      "1": 18,
      "3": 1,
      "16": 1,
      "8": 1,
      "4": 1,
      "2": 2,
      "11": 1
    }
  }
}